ip,company,country
49.212.38.225,Skipstorm,United States
52.245.187.98,Quinu,Germany
91.7.187.137,Devify,Russia
130.110.62.115,Zooxo,Russia
97.44.254.106,Dazzlesphere,Indonesia
228.62.168.92,Cogidoo,China
225.75.37.62,Avamm,China
214.15.29.119,Gigashots,Netherlands
30.248.154.154,Ainyx,Vietnam
41.150.10.57,Flipstorm,France
129.123.180.45,Brainverse,South Africa
98.183.115.32,Shuffletag,Sierra Leone
124.154.248.76,Muxo,South Africa
158.44.75.189,Skinte,China
154.250.93.154,Thoughtblab,France
216.126.79.175,Riffwire,Poland
250.251.92.16,Rhybox,Indonesia
20.103.66.116,Muxo,Afghanistan
229.114.13.240,Linktype,Philippines
126.82.189.118,Plambee,Panama
213.185.123.71,Realcube,Indonesia
91.160.129.237,Dynabox,Indonesia
130.220.123.145,Ooba,China
137.53.62.171,Twimm,Brazil
108.206.125.11,Wordpedia,China
199.113.118.92,Trilia,Indonesia
74.235.240.124,Voomm,Mexico
10.56.142.12,Dynava,El Salvador
101.136.155.74,Zoonoodle,Philippines
218.118.182.147,Wordify,Pakistan
60.0.126.192,Dynava,Brazil
188.251.39.187,Quaxo,Russia
3.61.169.155,Edgeblab,China
92.242.77.153,Photojam,China
159.149.63.219,JumpXS,Spain
64.168.80.132,Brightbean,Russia
197.68.45.72,Skippad,Madagascar
156.133.49.157,Yadel,China
201.198.235.249,Zoovu,Tunisia
92.132.128.135,Browseblab,Pakistan
249.68.129.93,Twitterbridge,Philippines
71.79.165.115,Quire,Ukraine
46.199.158.85,Shufflebeat,China
248.3.130.237,Topicstorm,Chile
211.47.169.34,Plajo,Argentina
167.212.249.207,Eimbee,China
90.226.167.243,Dabjam,Russia
29.185.220.255,Yambee,Argentina
126.65.169.76,Quinu,China
6.237.104.125,Plajo,China
1.254.82.80,Devbug,Indonesia
37.9.131.66,Trilith,United States
9.34.179.25,Oba,China
144.232.38.247,Dynazzy,Paraguay
26.156.152.179,Meetz,Sweden
37.215.119.181,Devbug,China
74.4.218.145,Centimia,Philippines
9.108.58.46,Tagpad,Sweden
0.161.3.64,Aimbu,Indonesia
128.141.185.232,Kwimbee,Japan
167.8.86.212,Nlounge,Sweden
131.87.193.144,Meemm,Indonesia
141.70.234.222,Photojam,Russia
210.167.55.18,Jetpulse,Finland
131.125.173.41,Devshare,China
101.204.155.223,Twitterworks,Philippines
191.92.18.55,Talane,China
227.194.233.211,Trilia,Colombia
47.18.54.87,Jetwire,Nigeria
7.117.37.61,Bubblebox,China
94.102.0.134,Riffpedia,South Africa
48.156.62.3,Jabbersphere,China
131.142.84.103,Jaloo,Ecuador
181.27.159.60,Edgewire,Brazil
26.32.80.166,Agivu,Indonesia
131.229.226.3,Quimm,Libya
17.92.239.150,Tagtune,Greece
185.22.17.248,Oyondu,Madagascar
60.209.136.61,Tavu,Dominican Republic
252.44.129.74,Miboo,Philippines
92.253.142.150,Camido,Slovenia
59.64.86.240,Eimbee,China
39.77.196.83,Youbridge,Argentina
149.216.252.205,Babbleopia,Portugal
4.39.126.12,Photofeed,Indonesia
164.236.229.132,Kamba,Tanzania
211.113.91.23,Gabvine,China
19.195.17.154,Abata,Czech Republic
44.180.86.247,Aimbo,Norway
246.73.41.251,Photobean,Russia
43.184.215.180,Rhynyx,Mauritius
55.72.37.178,Yoveo,Honduras
155.120.161.95,Mudo,Thailand
255.230.87.171,Blogpad,Russia
116.243.253.152,Thoughtstorm,Costa Rica
47.48.101.240,Meetz,France
96.139.40.230,Fliptune,Philippines
185.251.34.91,Photolist,Poland
128.17.184.170,Brightbean,France
43.67.156.78,Twinte,Philippines
162.120.88.181,Aimbu,Japan
70.34.168.238,Katz,Armenia
39.16.132.39,Skipstorm,Russia
87.205.34.46,Browsebug,Peru
223.193.19.88,Dynabox,Liberia
55.230.198.58,Eimbee,Argentina
208.6.81.210,Livetube,Colombia
199.43.105.144,Blogpad,China
101.251.199.145,Photobean,Serbia
37.202.150.188,Brightbean,China
132.91.6.229,Mudo,U.S. Virgin Islands
98.141.181.205,Eabox,Russia
54.33.162.69,Yadel,China
148.104.198.204,Tagpad,Macedonia
177.68.177.160,Livetube,Japan
88.254.35.134,Browsebug,Kosovo
161.135.138.219,Muxo,Peru
241.208.85.244,Vinte,Russia
115.108.72.117,Blogtags,Russia
229.141.106.15,Voonte,Russia
46.147.179.144,Yakidoo,Philippines
65.28.108.98,Flashset,Indonesia
40.22.241.247,Skynoodle,Philippines
232.69.162.103,Browsezoom,Australia
142.213.169.217,Wikibox,Portugal
214.159.96.180,Centidel,China
3.195.86.95,Vinder,China
161.212.20.243,Tagfeed,Sweden
42.23.37.232,Ntags,China
43.96.210.254,Meezzy,France
88.145.157.100,Jabbertype,Nigeria
110.31.11.39,Flashset,Indonesia
254.123.127.76,Wikizz,China
92.115.77.170,Buzzbean,China
32.134.201.232,Yambee,Ukraine
114.123.237.183,Oba,Thailand
112.158.8.85,Jaxspan,France
65.219.41.35,Tazzy,Thailand
105.72.216.95,Zoonoodle,China
250.171.148.16,Mybuzz,Egypt
228.26.181.8,Tagopia,Canada
252.126.16.252,Meembee,Brazil
125.192.80.65,Demizz,Poland
228.129.234.91,Gabcube,Mauritius
212.54.39.184,Topdrive,Bulgaria
148.101.9.118,Yabox,Indonesia
57.167.44.252,Skajo,Russia
46.217.236.97,Eimbee,Albania
237.85.95.119,Eadel,China
209.149.174.140,Reallinks,Armenia
99.83.223.6,Eayo,China
232.145.33.48,Mybuzz,Indonesia
186.79.122.25,Rooxo,China
172.103.27.223,Dynabox,China
193.55.250.205,Vinder,Argentina
46.150.7.223,Yadel,Poland
9.142.87.210,Jabbertype,Ukraine
230.101.254.147,Skipstorm,China
24.63.80.51,Aimbu,Canada
90.219.209.16,Twitternation,China
89.150.59.191,Thoughtbridge,Philippines
90.105.87.169,Gabtype,Ukraine
177.248.94.48,Demimbu,China
233.11.75.161,Oloo,China
189.222.112.75,Skynoodle,Japan
42.117.230.68,Avamm,Hungary
237.64.7.124,Oyope,Peru
27.210.57.82,Oyondu,Ecuador
160.5.202.88,Aibox,Maldives
40.140.96.58,Abata,Indonesia
136.154.125.18,Realfire,Argentina
207.251.197.204,Kazu,China
147.180.98.183,Gabtype,Greece
218.138.2.192,Meeveo,China
38.155.203.127,Oyoba,China
141.156.25.18,Thoughtbridge,Peru
101.169.163.84,Linkbuzz,China
215.152.163.216,Bluejam,Panama
177.55.45.53,Geba,Portugal
14.98.242.195,Nlounge,Philippines
55.142.184.43,Youspan,Philippines
199.66.72.126,Camimbo,Finland
138.141.244.71,Buzzster,Indonesia
248.26.152.130,Wikido,Netherlands
11.111.220.200,Agivu,Philippines
234.170.136.206,Wikivu,China
30.47.10.195,Shuffledrive,China
45.82.207.60,Roomm,Sweden
214.23.212.123,Voolith,Poland
28.37.199.24,Flipopia,Afghanistan
70.48.89.57,Skynoodle,China
237.135.33.60,Zazio,France
218.81.12.12,Dynazzy,China
107.75.210.103,Blogpad,Chile
51.46.97.100,Kayveo,Bulgaria
86.7.226.213,Twimm,Sierra Leone
82.20.23.202,Edgetag,Egypt
78.18.104.34,DabZ,Syria
94.230.189.90,Midel,Ukraine
181.33.156.229,Chatterbridge,Tunisia
53.170.188.174,Brainlounge,Poland
97.165.131.166,Miboo,China
233.27.243.204,Skippad,China
203.255.226.188,Zoozzy,Armenia
240.47.134.239,Edgeblab,Brazil
171.225.185.171,Shufflester,Poland
89.8.143.117,Devshare,Finland
211.191.56.220,Jaxnation,Vietnam
253.121.198.94,Divavu,Indonesia
167.79.79.123,Yodel,Peru
227.101.184.226,Rhynyx,Belarus
242.111.131.178,Livefish,Bangladesh
8.65.79.202,Eamia,Lithuania
43.18.41.84,Jamia,China
129.150.191.153,Topicblab,Portugal
44.92.219.29,Skinix,China
3.230.9.74,Gigazoom,Philippines
119.204.196.216,Centidel,China
184.201.111.239,Flashspan,Honduras
42.52.231.50,Livetube,Sweden
227.252.211.173,Plajo,France
144.183.37.9,Trudeo,China
245.122.214.70,Skidoo,China
18.104.24.255,Ainyx,Malaysia
145.192.144.172,Wordtune,Venezuela
109.228.65.25,Plajo,Indonesia
87.13.126.50,Oyoba,Portugal
194.197.87.99,Edgeblab,United States
200.170.229.6,Dabvine,Philippines
203.223.1.106,Blogspan,Poland
110.15.122.32,Shufflester,France
153.179.191.233,Linktype,Indonesia
90.202.192.51,Dynava,China
26.127.206.31,Oyoba,Israel
146.21.146.116,Zoozzy,China
225.76.33.156,Jatri,Philippines
74.179.37.63,Devify,Argentina
145.85.251.240,Eamia,China
123.98.86.21,Voolith,China
33.52.244.58,Jabberbean,Ukraine
113.136.116.143,Kwilith,Czech Republic
21.201.165.148,Yambee,China
113.165.205.18,Feedfire,China
132.169.38.143,Thoughtworks,Sweden
98.157.141.13,Twitterbeat,Indonesia
104.60.250.151,Zoomlounge,China
73.242.93.29,Zava,Serbia
80.162.250.139,Meeveo,Japan
1.53.106.37,Gabtype,Indonesia
176.145.101.81,Eamia,Ecuador
244.171.31.75,Babbleblab,Indonesia
152.244.202.49,Skippad,China
23.220.106.143,Flashspan,Czech Republic
115.236.45.79,Skyndu,Netherlands
47.176.253.3,Skynoodle,China
6.117.196.135,Brainbox,Portugal
200.245.103.237,Jetpulse,China
179.2.177.127,Skipstorm,Russia
221.178.206.28,Zoovu,Latvia
139.201.87.86,Janyx,Vietnam
36.114.239.7,Voonder,Kazakhstan
132.153.50.213,Topdrive,Ireland
205.106.164.157,Camido,Bulgaria
220.108.98.251,Photospace,China
166.96.107.50,Oyonder,Vietnam
241.211.136.105,Twitternation,Ecuador
13.248.96.54,Meembee,Philippines
1.163.139.68,Blognation,China
51.133.222.163,Topicstorm,Sweden
220.144.211.113,Blogtags,Poland
229.112.146.84,Skinix,China
221.91.12.54,Eazzy,Portugal
213.252.44.127,Thoughtworks,Indonesia
58.35.195.68,Devify,Poland
17.60.69.190,Devpulse,Kyrgyzstan
111.191.95.20,Tagtune,Indonesia
17.73.251.193,Yotz,China
199.150.4.50,Blogspan,Russia
82.151.124.186,Kwimbee,Indonesia
93.141.248.90,Ozu,China
23.79.142.252,Feedfish,Brazil
224.245.55.100,Dabshots,Japan
50.127.140.115,Tambee,Brazil
60.162.21.227,Oyope,Saint Kitts and Nevis
212.230.162.251,Yodel,Indonesia
253.182.184.92,Browsebug,Sweden
32.249.217.226,Devshare,Sweden
175.126.126.215,Blogpad,Serbia
239.210.154.1,Meevee,Portugal
136.38.179.111,Yambee,Bosnia and Herzegovina
40.240.128.145,Plambee,Guinea
220.60.75.54,Midel,Indonesia
147.72.216.233,Kamba,Ukraine
217.91.194.114,Cogidoo,China
149.59.222.129,Brightbean,Indonesia
17.36.43.151,Meembee,Kyrgyzstan
179.87.240.25,Voolia,China
42.232.175.132,Twitterbridge,Indonesia
203.73.221.201,Dabvine,China
107.193.96.88,Edgewire,China
172.147.207.253,Feedspan,China
62.220.15.140,Quamba,Iran
231.14.115.111,Jazzy,Palestinian Territory
223.245.251.34,Eire,Czech Republic
247.240.218.169,Oyoyo,China
239.191.221.239,Jabbersphere,Peru
77.158.179.35,Gabvine,Lithuania
100.52.224.75,Fatz,South Korea
229.18.163.28,Jetpulse,Indonesia
90.174.123.189,Gabtype,China
167.139.93.190,Skidoo,France
147.61.152.157,DabZ,Portugal
163.69.104.202,Midel,Portugal
6.116.238.104,Realblab,Poland
181.203.205.33,Centimia,Portugal
82.215.122.172,JumpXS,Indonesia
18.109.5.45,Abatz,Brazil
194.4.162.70,Tavu,Portugal
152.251.81.67,Tazz,China
45.165.91.33,Twitterwire,China
115.209.49.226,Innotype,Brazil
159.57.75.54,Myworks,China
152.213.67.38,Plajo,Netherlands
59.135.203.77,Photolist,Nigeria
97.139.190.152,Wikibox,Russia
157.1.189.16,Bubblemix,United States
153.123.77.120,Wikizz,Philippines
78.33.208.174,Skyba,Philippines
167.197.204.50,Zoomcast,Peru
99.23.229.51,Chatterbridge,China
18.88.163.79,Fatz,Serbia
86.120.250.212,Tagfeed,Indonesia
243.99.101.197,Kwinu,China
66.199.216.143,Camido,Canada
166.44.37.178,Wordpedia,China
4.160.160.35,Linklinks,China
139.125.40.232,Aimbo,Cameroon
225.26.162.193,Voolia,Indonesia
78.122.141.58,Meevee,France
73.139.31.73,Yotz,Russia
103.183.102.172,Skipfire,Georgia
25.119.156.136,Wordtune,Portugal
155.154.83.222,Fadeo,Malaysia
60.242.121.235,Voolith,Peru
61.0.8.4,Lazzy,France
245.108.122.142,Rooxo,Ukraine
208.26.227.3,Jaxspan,Indonesia
148.98.221.162,Myworks,Sweden
45.111.22.188,Ntag,Bulgaria
21.246.149.191,Browsetype,Vietnam
6.65.85.107,Quatz,China
11.59.2.232,Avavee,Japan
72.147.93.178,Twitterbeat,Portugal
177.246.83.45,Yata,Philippines
11.37.16.29,Aivee,Indonesia
223.41.32.234,Skiba,Myanmar
112.86.23.129,Devshare,Portugal
58.152.226.98,Jayo,China
146.149.152.11,Oyoba,Japan
127.160.102.32,Jayo,Indonesia
228.41.50.254,Eamia,United Kingdom
204.70.251.69,Blognation,Indonesia
82.81.61.42,Riffpedia,Madagascar
232.70.104.188,Thoughtsphere,Kosovo
57.53.212.214,Pixonyx,Norway
45.171.220.221,Voonix,Indonesia
158.212.120.249,Pixope,Republic of the Congo
228.103.47.210,Mudo,Lithuania
224.220.164.16,Skivee,Brazil
106.100.172.224,Shuffletag,Pakistan
216.55.177.246,Flipbug,Ivory Coast
104.66.193.95,Rhynyx,China
120.205.237.18,Fivechat,Azerbaijan
53.22.204.196,Jabbersphere,Norway
87.103.163.225,DabZ,Bolivia
198.91.29.131,Feedfire,Bolivia
161.187.114.97,Dynabox,Thailand
220.28.203.102,Yakijo,Albania
85.244.59.241,Twinder,Australia
138.243.206.166,Lazz,Japan
204.206.162.163,Mydeo,Canada
150.48.3.182,Meevee,China
234.25.44.7,Blogpad,Russia
170.152.56.82,Eadel,Nigeria
55.85.223.176,Twitterworks,France
31.118.129.207,Youbridge,Bolivia
135.52.3.155,Tazzy,Thailand
5.101.25.188,Dabtype,Indonesia
178.36.41.47,Kazio,Cameroon
18.85.214.41,Tagcat,France
229.245.64.75,Topicshots,Philippines
242.227.201.97,Flashdog,Bulgaria
62.50.155.240,Gabtype,Belize
10.146.255.39,Skajo,Uzbekistan
30.203.12.76,Brainsphere,Brazil
10.0.134.88,Trilia,China
49.227.182.5,Skyble,Poland
238.211.22.88,Twitterbeat,China
208.119.162.183,Thoughtstorm,China
118.102.112.1,Topicstorm,Peru
180.255.220.218,Twitterwire,Poland
20.7.150.213,Ozu,Indonesia
83.143.238.114,Trudeo,Poland
98.135.250.9,Bluejam,Thailand
18.159.82.167,Bluejam,Tunisia
122.104.243.124,DabZ,France
206.30.21.42,Oba,China
209.12.86.90,Zoonoodle,Estonia
213.0.33.99,Voolia,Japan
126.247.187.198,Skipstorm,France
2.205.137.105,Flipstorm,China
217.24.164.118,Photolist,China
17.165.111.188,Meetz,Brazil
40.231.85.59,Skibox,Czech Republic
175.143.83.51,Nlounge,Russia
77.115.135.188,Ntag,Indonesia
204.225.4.209,Brainsphere,Russia
64.150.168.111,Mydeo,Ukraine
129.217.168.166,Trupe,China
246.116.75.218,Jazzy,Indonesia
60.4.67.109,Mymm,China
246.201.141.240,Mydeo,China
153.148.154.177,Roomm,China
48.12.196.166,Meeveo,Panama
199.116.178.137,Jamia,Poland
121.126.0.34,Blognation,China
32.112.234.194,Mynte,Poland
73.180.194.122,Blogtags,Brazil
200.110.102.188,Tagcat,Thailand
66.217.39.73,Thoughtstorm,China
199.46.93.164,Twitterwire,Poland
122.160.228.159,Feedfire,Indonesia
164.179.131.124,Trudoo,Indonesia
173.17.51.198,Thoughtbridge,China
80.213.124.221,Latz,Pakistan
87.20.169.24,Blogpad,Portugal
216.233.184.187,Zoombox,Denmark
159.152.176.195,Twitterbeat,Poland
178.162.172.254,Jatri,Comoros
193.183.149.12,Wikivu,Croatia
111.165.197.150,Skyndu,China
91.185.207.18,Kimia,United States
67.22.183.93,Zooveo,Czech Republic
107.36.157.175,Meedoo,Thailand
26.124.1.216,Mita,China
216.89.2.225,Topdrive,Bhutan
59.2.60.17,Fadeo,Morocco
228.127.229.164,Photolist,Philippines
254.214.35.8,Rooxo,United States
219.47.21.74,Devcast,Ukraine
197.81.251.228,Muxo,Sweden
242.181.88.134,Edgewire,China
206.86.173.124,Kare,Argentina
80.68.20.214,Wikibox,France
183.127.215.2,Skajo,Tanzania
120.186.71.36,Oba,China
182.9.149.10,Mydo,Indonesia
44.200.151.183,Skinte,Poland
147.172.244.58,Midel,China
167.170.152.18,Trilith,Indonesia
238.134.114.216,Flashset,Brazil
64.107.19.91,Oba,Panama
71.28.214.80,Flipbug,Indonesia
102.246.8.169,Myworks,United States
239.98.62.18,Centizu,Vietnam
146.53.44.9,Riffwire,Indonesia
107.171.83.134,Voolia,Brazil
5.39.192.140,Avaveo,Netherlands
145.184.188.40,Dynabox,China
23.61.18.97,Bubbletube,China
246.202.119.152,Twiyo,Russia
56.9.149.174,Skiba,China
120.209.235.82,Babblestorm,China
45.41.240.136,Zoonder,China
82.29.252.25,Oyonder,Portugal
126.227.108.207,Voomm,Azerbaijan
216.157.7.62,Topicblab,Philippines
159.142.63.66,Oyope,Greece
37.51.169.221,Skibox,Azerbaijan
218.176.154.249,Agivu,Canada
10.106.211.86,Browsezoom,Albania
255.220.95.225,Dabjam,Iceland
181.168.165.65,Quamba,Japan
241.22.236.142,Fivespan,China
17.165.82.179,Innojam,China
41.254.133.175,Browsedrive,Japan
26.221.124.141,Layo,Portugal
17.213.31.119,Jabbercube,Peru
89.58.167.64,Mybuzz,Bosnia and Herzegovina
122.45.69.40,Fiveclub,China
49.39.204.176,Jaloo,Indonesia
203.72.234.182,Buzzdog,Haiti
145.213.39.149,Photobean,Philippines
172.152.230.37,Twitternation,China
20.196.207.134,Yakijo,Philippines
63.36.59.42,Flipopia,Macedonia
159.109.23.155,Skynoodle,United Kingdom
39.132.54.17,Photobug,Mozambique
83.97.60.84,Digitube,United States
49.196.61.58,Kazu,China
135.136.64.161,Talane,Russia
15.50.48.126,Blogpad,Indonesia
196.205.139.181,Abatz,China
199.92.132.112,Reallinks,China
250.243.66.2,Quimba,Brazil
167.232.39.27,Jaxworks,Czech Republic
101.186.162.199,Einti,Japan
191.26.125.118,Realmix,Sweden
108.141.86.58,Jabberstorm,Poland
59.119.96.107,Wordware,Indonesia
154.15.147.146,Oloo,Philippines
85.167.84.110,Leenti,Argentina
68.207.210.226,Browsebug,Belarus
233.48.231.229,Twinte,France
186.116.157.112,Yodel,China
58.185.71.153,Kazu,Indonesia
112.10.199.82,Mynte,United States
4.12.79.183,Browsedrive,Netherlands
37.90.202.99,Gabcube,China
44.118.84.148,Realcube,China
45.203.252.231,Mymm,China
115.175.121.185,Yabox,Portugal
54.172.155.20,Oyondu,Brazil
237.145.7.93,Gabtune,Indonesia
158.14.71.140,Wordify,Philippines
201.64.201.235,Eire,Argentina
1.197.52.246,Tekfly,Colombia
13.0.117.194,Oyoba,Cyprus
16.170.45.246,Twiyo,Poland
142.245.10.236,Tambee,Indonesia
223.9.184.131,Shuffledrive,Indonesia
234.12.118.5,Janyx,El Salvador
68.23.221.153,Edgepulse,Portugal
118.162.143.127,Skynoodle,Panama
111.102.108.237,Kwinu,China
156.60.18.60,Tagchat,Sweden
65.51.129.187,Miboo,Dominican Republic
96.23.48.55,Centizu,Philippines
156.223.13.113,Flipopia,Ukraine
175.125.80.43,Meevee,Liechtenstein
184.142.122.111,Edgeblab,Oman
18.125.25.83,Fatz,Portugal
237.247.215.136,Topiclounge,Portugal
13.97.86.176,Skinder,Indonesia
51.150.171.164,Jetpulse,Indonesia
64.59.136.71,Yata,United States
112.30.245.112,Twitterwire,China
124.22.37.11,Flashdog,Tunisia
236.12.234.189,Devpulse,Laos
57.131.1.22,Photobug,Armenia
227.238.234.93,Ooba,China
68.209.97.151,Devpulse,Portugal
184.63.220.237,Fivespan,Poland
116.122.195.133,Dablist,Philippines
33.4.80.86,Devify,Costa Rica
98.122.229.219,Omba,Russia
204.132.7.100,Abata,China
16.37.143.222,Geba,Denmark
230.57.150.206,Topiczoom,China
146.18.146.114,Youbridge,Indonesia
52.126.177.158,Rhybox,French Polynesia
253.202.187.216,Kamba,Serbia
6.135.142.77,Edgeclub,China
187.62.126.93,Brainsphere,Indonesia
105.97.142.44,Trunyx,Philippines
80.7.41.12,Feedspan,Afghanistan
165.132.13.219,Gabcube,Russia
166.185.107.89,Voolith,Russia
202.109.106.155,Skyndu,Russia
141.118.149.31,Mita,France
61.216.89.41,Wikizz,China
232.241.193.251,Thoughtmix,Indonesia
208.56.227.117,Babbleopia,Czech Republic
83.24.111.196,Twitternation,China
231.255.107.42,Digitube,Bosnia and Herzegovina
138.40.8.174,Devpulse,Somalia
171.140.92.6,Yakidoo,Sweden
191.249.251.107,Gabvine,Argentina
27.126.192.198,Mydo,Philippines
88.137.29.106,Mynte,Ukraine
53.64.226.216,Oloo,Ireland
80.31.34.76,Chatterbridge,China
206.205.64.7,Yacero,Brazil
90.84.109.87,Mita,Russia
177.123.80.63,Linkbuzz,China
78.216.64.235,Quamba,North Korea
59.72.239.94,Oba,Colombia
32.63.212.113,Skinte,Russia
61.164.19.110,Kazu,Philippines
133.146.32.181,Feedfish,China
67.203.163.247,Innojam,China
13.28.215.19,Quatz,Russia
49.40.239.40,Skynoodle,Philippines
111.143.42.78,Realcube,Poland
153.38.161.12,Rhybox,China
70.73.229.36,Skibox,Indonesia
197.237.40.78,Tanoodle,Ukraine
171.25.71.97,Cogidoo,China
217.145.36.196,Brainverse,Brazil
194.224.24.110,Tanoodle,China
223.38.182.42,Zoomcast,Russia
37.205.104.89,Topicstorm,Argentina
149.241.109.8,Jaloo,South Africa
120.27.175.248,Rhynoodle,Ukraine
189.199.200.129,Geba,Indonesia
209.87.254.100,Jetwire,Philippines
131.168.108.147,Quaxo,Sweden
75.242.28.245,Livetube,Afghanistan
119.93.184.223,Eayo,Malta
91.4.240.91,Feedbug,Indonesia
58.90.57.136,Flashpoint,United States
69.231.218.183,Meemm,China
12.182.222.168,Youfeed,China
8.174.49.185,Skivee,Portugal
243.86.255.212,Thoughtmix,Indonesia
251.255.140.38,Quimba,Mongolia
137.179.91.140,Blogspan,Mexico
144.136.219.81,Topicware,China
101.135.203.12,Feedfire,Indonesia
83.150.30.90,Reallinks,China
108.90.40.96,Oyope,Brazil
67.234.200.81,Devcast,Bosnia and Herzegovina
58.131.165.57,Skiba,Macedonia
151.96.188.156,Topicshots,China
7.202.90.110,Quatz,Philippines
120.20.173.18,Zoonder,Bulgaria
76.190.109.36,Devbug,Portugal
138.59.49.154,Edgeify,Indonesia
243.68.111.10,Browseblab,China
130.196.64.64,Tazz,Aland Islands
164.253.254.103,Linkbridge,Indonesia
20.240.252.201,Skidoo,United States
31.101.163.251,Feedspan,China
228.135.92.234,Lazzy,Poland
245.159.58.214,Jabbersphere,Estonia
199.134.18.180,Oyonder,Poland
230.18.206.45,Twinder,Czech Republic
175.174.5.134,Browsebug,Cambodia
123.63.9.25,Livetube,Bahrain
141.133.229.108,Skipfire,Pakistan
236.40.253.44,Demimbu,Peru
175.143.201.244,Midel,Bosnia and Herzegovina
244.9.96.128,Thoughtblab,Japan
221.142.24.80,Fanoodle,China
13.237.175.65,Blogtags,China
17.32.9.248,Pixoboo,China
85.41.193.137,Fanoodle,Sweden
34.101.93.247,Rhyzio,Poland
128.117.37.207,Aimbu,Nigeria
131.236.170.247,Agimba,Philippines
61.107.113.94,Trilia,Netherlands
72.104.223.73,Twinte,Yemen
0.172.172.242,Zazio,Peru
54.159.41.225,Snaptags,Indonesia
18.38.112.206,Photospace,Indonesia
251.21.51.139,Trupe,New Zealand
87.193.157.121,Kare,Ukraine
180.126.154.103,Oyope,Morocco
38.117.62.250,Yamia,Indonesia
17.24.82.90,Dabtype,Peru
177.96.5.92,Tagfeed,United States
158.72.197.111,Pixope,China
186.107.96.57,Cogidoo,Brazil
155.198.34.237,Skimia,China
59.112.83.227,Linkbuzz,China
175.188.181.55,Ainyx,China
234.148.101.91,Gabtype,China
209.167.241.111,Thoughtsphere,Indonesia
11.31.177.67,Rhyzio,Colombia
3.28.113.186,Yata,Czech Republic
98.65.255.40,Janyx,Norway
115.105.188.252,Tambee,Yemen
55.238.253.85,Pixonyx,China
44.233.200.121,Cogibox,United States
44.78.62.127,Dynava,Czech Republic
40.224.165.231,Tambee,Finland
2.213.159.137,Tazzy,China
212.7.226.19,Brainlounge,Japan
110.22.38.129,Flipstorm,Philippines
38.72.135.76,Bluejam,Jordan
150.143.36.148,Kayveo,Indonesia
67.254.199.54,Skivee,Czech Republic
174.133.161.220,Zoomlounge,China
207.232.190.87,Voonyx,United States
59.254.79.98,Oyope,Poland
34.234.138.176,Quimba,China
43.159.20.5,Shufflebeat,Russia
229.126.222.30,Babbleset,Poland
248.217.59.237,Ntag,China
20.213.94.227,Twitterbridge,Sweden
207.208.186.55,Kayveo,Portugal
133.26.216.163,Yozio,Sweden
164.212.17.173,Gabcube,Indonesia
111.20.85.65,Skyndu,Portugal
14.135.234.156,Layo,Brazil
39.211.255.176,Minyx,Chile
213.151.117.72,Yotz,Sweden
250.106.126.62,Kayveo,China
181.119.26.138,Oyoloo,Thailand
219.0.48.13,Brightdog,Indonesia
60.88.37.175,Oyoloo,Philippines
165.94.247.246,Babblestorm,China
168.123.149.136,Zoombox,Spain
161.156.213.3,Trilia,Russia
29.53.201.40,Cogibox,China
139.39.249.103,Skinix,Poland
100.190.163.41,Ooba,Indonesia
181.91.52.196,Twiyo,Brazil
51.139.123.157,Avavee,China
135.55.37.80,Jamia,United States
113.64.156.136,Omba,Czech Republic
37.215.128.155,Bubblemix,Brazil
233.237.249.228,Kwinu,Brazil
186.93.133.253,Gigaclub,China
134.90.106.99,Twitternation,Finland
2.137.231.14,Skiba,Croatia
198.44.29.220,Skimia,Argentina
106.73.123.64,Skinix,Peru
151.221.72.39,Wikizz,Russia
83.126.181.190,Jamia,Nicaragua
117.190.36.110,Tagchat,China
57.27.207.89,Twiyo,Thailand
33.25.203.151,Mita,China
231.132.208.166,Avamba,Comoros
141.146.121.202,BlogXS,Madagascar
145.223.238.87,Twitterbeat,Mexico
203.109.104.98,Flashspan,Azerbaijan
211.97.175.161,Browsezoom,Paraguay
77.214.216.249,Dabtype,China
71.38.90.188,Dabtype,China
137.59.60.8,Voonte,China
120.5.119.220,Kamba,Argentina
135.139.145.239,Voomm,China
255.234.7.60,Latz,Indonesia
93.82.149.117,Youspan,Portugal
233.97.183.240,Dabshots,Iran
117.167.235.127,Kimia,Democratic Republic of the Congo
114.167.28.71,Centizu,Armenia
141.157.127.215,Thoughtworks,Russia
196.204.60.236,Dynazzy,Portugal
18.248.230.180,Devify,Kazakhstan
188.78.243.252,Centidel,Iraq
192.186.25.244,Geba,Sweden
23.68.142.59,Oyonder,Indonesia
171.10.216.121,Geba,Japan
9.126.148.9,Shufflebeat,United States
59.141.226.60,Dynabox,Tunisia
43.7.42.68,Topicblab,Vietnam
70.212.138.112,Bubblemix,China
71.206.192.99,Zooxo,Indonesia
234.188.139.238,Snaptags,China
225.75.141.171,Skyba,Czech Republic
182.118.56.79,Shuffledrive,Chile
126.118.37.255,Oba,Malaysia
87.52.131.218,Blognation,Guinea
21.250.61.58,Brainsphere,Philippines
250.95.80.203,Brainverse,Malaysia
141.192.202.73,Dynabox,Canada
162.255.5.165,Bluezoom,Russia
186.143.223.11,Kanoodle,France
103.238.158.4,Mycat,United States
18.124.242.31,Digitube,China
254.97.109.245,Oloo,China
36.96.237.125,Ntags,Indonesia
241.207.217.38,Skiptube,Afghanistan
133.43.253.10,JumpXS,Canada
136.39.189.25,Snaptags,Finland
79.244.61.71,Meembee,Philippines
218.60.160.229,Feedfire,Bulgaria
248.84.1.35,Skilith,China
220.237.41.218,Oyoba,Iraq
219.134.53.154,Trudoo,Indonesia
104.102.248.169,Eidel,Comoros
88.102.223.148,Wikido,Belarus
78.228.246.233,Livefish,El Salvador
189.197.185.209,Lajo,China
15.31.248.236,Bubblemix,Ecuador
43.64.23.217,Twitterbeat,Mexico
215.200.5.65,Leenti,Kenya
71.27.20.173,Zoonder,China
80.3.145.175,Eayo,Ireland
127.251.109.255,Mymm,Indonesia
67.184.114.211,Realcube,Ukraine
231.12.245.209,Ailane,Indonesia
84.129.119.192,Eare,China
239.184.225.137,Eadel,Canada
97.5.222.124,Kwinu,China
87.133.50.164,Edgeblab,Thailand
129.155.102.48,Geba,Argentina
226.51.178.13,Trilith,Russia
105.51.210.123,Jabbercube,Philippines
162.70.172.112,Ozu,Colombia
63.84.128.62,Miboo,Maldives
188.202.113.112,Youspan,Jamaica
31.212.20.241,Npath,Portugal
251.195.88.238,Gevee,Armenia
148.96.226.207,Kwimbee,Bosnia and Herzegovina
194.113.211.83,Skaboo,Portugal
19.119.194.25,Feedfish,Switzerland
13.94.66.61,Agimba,Canada
213.155.188.192,Divanoodle,Philippines
118.202.158.76,Mita,Lithuania
125.203.136.166,Edgewire,China
60.248.191.185,Jabberbean,Norway
55.109.152.58,Edgepulse,Russia
193.166.54.239,Twiyo,Sweden
163.166.133.92,Vitz,China
109.78.39.130,Bubblebox,China
157.45.82.252,Dazzlesphere,China
138.69.171.240,Devcast,Poland
72.207.166.55,Snaptags,Indonesia
36.241.88.11,Jaloo,Venezuela
112.147.239.159,Tagpad,Indonesia
169.32.77.45,Kimia,Venezuela
6.134.135.244,Photobug,China
199.73.201.247,Innojam,Syria
153.200.57.109,Roombo,Poland
73.195.21.223,Vimbo,Dominican Republic
130.217.8.198,Brainsphere,China
146.223.75.70,Photojam,Indonesia
130.131.195.182,Quire,Philippines
137.168.3.190,Centidel,Brazil
4.232.49.187,Babbleblab,China
184.118.208.44,Eadel,Czech Republic
61.194.166.228,Photospace,Malaysia
213.230.55.239,Zooveo,China
235.39.254.232,Brainbox,Indonesia
68.109.74.192,Thoughtstorm,Andorra
254.224.79.94,Yombu,Ivory Coast
211.15.164.53,LiveZ,Brazil
78.34.84.218,Fliptune,Sweden
241.233.53.6,Jaxbean,Tanzania
14.150.79.32,Thoughtstorm,Morocco
180.2.60.211,Ailane,Philippines
251.231.5.87,Twimm,China
59.15.154.201,Eire,Cuba
131.149.164.4,Oyoyo,Brazil
172.6.122.255,Kazu,Afghanistan
71.35.253.136,Meevee,China
11.28.89.68,Twitterbridge,Philippines
39.29.141.130,Divavu,United States
220.230.114.97,Viva,Thailand
35.224.222.99,Feednation,Indonesia
89.159.193.163,Meezzy,Indonesia
230.250.88.35,Wordware,China
66.108.89.91,Dazzlesphere,Belarus
63.125.245.217,Thoughtbridge,United States
198.22.211.3,Nlounge,Russia
154.100.225.203,Mymm,Russia
183.173.143.235,Photolist,Honduras
125.47.80.203,Quimm,Thailand
106.142.192.214,Thoughtstorm,Comoros
99.120.107.127,Einti,United States
248.255.62.144,Twinte,Costa Rica
34.22.18.39,Twitterworks,Russia
66.84.131.115,Jayo,Russia
234.89.18.246,Zoonoodle,Colombia
225.73.240.6,Twitterworks,Malaysia
252.176.198.131,Thoughtmix,Philippines
182.49.121.98,Wordpedia,Ukraine
226.217.210.152,JumpXS,Indonesia
110.20.209.26,Aimbu,China
234.129.225.79,Youfeed,Russia
234.182.53.34,Rhybox,Malta
193.18.222.180,Skiptube,Czech Republic
145.95.168.200,Thoughtsphere,Indonesia
40.12.250.126,Voonix,Portugal
127.73.35.232,Einti,China
245.67.234.94,Blogtags,Panama
173.108.169.33,Divavu,Russia
125.73.133.46,Twitterwire,Czech Republic
193.133.254.73,Blogtags,Poland
31.86.52.246,Gigashots,Ukraine
66.221.6.4,Zooxo,Croatia
249.219.192.80,Dynabox,Afghanistan
52.142.77.204,Quimba,Indonesia
146.133.137.206,Thoughtbridge,China
184.94.252.18,Jaloo,Indonesia
27.25.78.246,Yakidoo,Armenia
88.198.17.50,Trilia,China
187.176.102.227,Tekfly,Indonesia
210.213.226.109,Edgeblab,Chile
197.144.200.115,Bubbletube,Indonesia
21.163.82.158,Jayo,Ukraine
177.34.190.160,Photobug,Indonesia
150.235.98.64,Trunyx,France
2.239.217.118,Brainsphere,Nigeria
89.187.249.232,Photofeed,Philippines
84.207.253.96,Topicblab,China
13.33.175.166,Quire,Philippines
158.118.54.231,Gigabox,Egypt
184.147.182.75,Cogibox,Iran
245.128.172.20,Wordify,Mexico
65.148.182.206,Wordify,China
94.179.38.50,Skyble,Russia
47.229.237.217,Eimbee,Thailand
169.55.108.216,Latz,Philippines
71.105.170.250,Shufflester,China
132.59.11.109,Vitz,China
71.21.199.26,Photospace,South Korea
240.146.82.120,Meevee,Peru
59.238.155.70,Edgeblab,Comoros
103.83.221.232,Rhycero,Brazil
227.107.252.245,Edgeblab,Mexico
46.115.30.254,Gabspot,Russia
165.99.50.74,Lazzy,Argentina
236.2.46.6,Fivespan,Brazil
35.13.73.1,Youtags,Ukraine
84.69.222.153,Brainlounge,Russia
215.103.182.4,Photolist,Serbia
147.206.181.4,InnoZ,Sweden
48.6.130.29,Yambee,Azerbaijan
169.25.243.37,Kwinu,Qatar
182.187.89.110,Dynava,China
94.114.82.31,Zava,Sweden
137.41.33.75,Gabvine,Russia
179.223.12.196,Meembee,Russia
8.200.246.52,Rhyloo,Poland
114.136.59.25,Jaxnation,Russia
39.236.233.66,Edgewire,Russia
110.221.0.167,Twitterwire,Honduras
52.182.192.12,Youbridge,China
60.28.128.168,Jabbercube,China
39.192.238.129,Roodel,Finland
251.161.47.127,Miboo,Mexico
35.91.205.88,Jabbersphere,China
230.19.182.46,Npath,Sweden
45.26.22.230,Brightdog,Lithuania
250.231.145.6,Meemm,China
215.24.31.50,Dablist,Poland
31.223.15.83,Yambee,Philippines
241.176.233.146,Feednation,Central African Republic
61.68.164.172,Fivechat,Peru
227.241.5.136,Wordify,Israel
168.143.210.53,Jaloo,France
104.92.68.153,Linklinks,Canada
120.176.214.189,Realcube,China
45.50.85.19,Mydo,Russia
91.70.217.215,Photospace,Philippines
169.242.158.7,Vinder,China
203.122.85.237,Livetube,France
104.97.191.219,Chatterbridge,Jamaica
88.131.220.251,Camimbo,Indonesia
113.54.194.106,Gigazoom,China
71.143.222.69,InnoZ,Poland
124.170.252.98,Fatz,Haiti
193.56.112.53,Wordpedia,China
180.147.16.151,Browsedrive,China
155.13.85.232,Quimm,Indonesia
131.81.140.99,Jabberbean,China
168.71.164.148,Brightdog,China
52.18.92.249,Realbridge,Guatemala
9.95.39.66,Wordware,Ukraine
228.49.194.6,Leexo,Uruguay
118.205.82.148,Quire,Thailand
154.3.97.132,Einti,Portugal
36.161.23.137,Zoombox,Brazil
129.39.157.97,Linkbridge,France
163.43.122.85,Tavu,Libya
81.18.236.216,Devshare,China
235.177.232.44,Jaxnation,Venezuela
215.85.53.213,Divanoodle,France
96.145.114.124,Youopia,Russia
162.198.148.61,Zoomdog,Indonesia
175.117.41.109,Devshare,Tanzania
173.250.231.72,Plajo,Japan
145.147.122.178,Pixoboo,Russia
166.103.24.153,Yodo,Philippines
41.197.117.54,Skyble,China
25.78.194.119,Flipopia,Iran
216.115.80.97,Kanoodle,North Korea
227.135.56.25,Youspan,United Kingdom
134.110.30.101,Oodoo,Iran
231.227.181.142,Browseblab,Georgia
53.153.95.97,Oyope,France
143.181.1.213,Rhycero,France
228.164.98.82,Thoughtworks,Portugal
98.243.11.50,Edgeblab,Indonesia
30.105.246.99,Topicblab,Indonesia
209.71.162.225,Skajo,South Korea
172.224.126.43,Riffwire,Brazil
45.5.140.106,Zoomcast,Nigeria
13.41.209.53,Podcat,China
121.239.106.38,Rooxo,China
60.110.223.45,Topdrive,Venezuela
20.90.37.50,Talane,Indonesia
44.148.134.254,Zoonoodle,China
25.47.209.250,Voonyx,Palestinian Territory
161.26.144.209,Babblestorm,Mongolia
135.143.207.160,Skipfire,China
111.199.78.27,Twitterbridge,Honduras
110.155.208.26,Zoonoodle,Mongolia
242.135.195.178,Voonte,Serbia
218.203.90.166,Youopia,Colombia
135.43.66.105,Zoomdog,China
59.89.92.117,Oyonder,China
41.239.204.57,Jazzy,China
207.189.95.141,Meevee,Philippines
107.75.192.30,Meedoo,Mali
227.56.206.58,Chatterpoint,Poland
1.1.1.1,cloudflare,usa
1.0.0.1,cloudflare,us
